{
  "artifacts": [
    {
      "name": "resume.docx",
      "type": "Document",
      "description": "Resume found on user's desktop",
      "size": 12345,
      "plugin": "metadata",
      "timestamp": "2023-08-01T10:00:00Z"
    },
    {
      "name": "photo.jpg",
      "type": "Image",
      "description": "Photo from mobile device",
      "size": 23456,
      "plugin": "hash",
      "timestamp": "2023-08-01T12:30:00Z"
    },
    {
      "name": "system.log",
      "type": "Log",
      "description": "System log entry",
      "size": 34567,
      "plugin": "metadata",
      "timestamp": "2023-08-01T14:45:00Z"
    },
    {
      "name": "run.exe",
      "type": "File",
      "description": "Executable recovered from temp folder",
      "size": 45678,
      "plugin": "hash",
      "timestamp": "2023-08-01T16:15:00Z"
    },
    {
      "name": "HKCU\\Software\\Example",
      "type": "Registry",
      "description": "Registry key with suspicious value",
      "size": 0,
      "plugin": "regParser",
      "timestamp": "2023-08-01T18:20:00Z"
    }
  ]
}

