{
  "name": "London",
  "tempC": 15,
  "feelsLikeC": 13,
  "condition": "cloudy",
  "icon": "04d",
  "sunrise": 1716351600,
  "sunset": 1716410400,
  "forecast": [
    { "day": "Mon", "tempC": 16, "icon": "04d", "condition": "cloudy" },
    { "day": "Tue", "tempC": 17, "icon": "10d", "condition": "rain" },
    { "day": "Wed", "tempC": 18, "icon": "01d", "condition": "clear" },
    { "day": "Thu", "tempC": 14, "icon": "04d", "condition": "cloudy" },
    { "day": "Fri", "tempC": 15, "icon": "02d", "condition": "partly cloudy" }
  ]
}
