[
  {
    "timestamp": "1000",
    "src": "10.0.0.1",
    "dest": "10.0.0.2",
    "sport": 12345,
    "dport": 80,
    "protocol": 6,
    "info": "TCP handshake",
    "layers": {
      "eth": { "src": "aa:bb:cc:dd:ee:ff", "dest": "ff:ee:dd:cc:bb:aa" },
      "ip": { "src": "10.0.0.1", "dest": "10.0.0.2" },
      "tcp": { "sport": 12345, "dport": 80, "flags": "SYN" }
    }
  },
  {
    "timestamp": "1500",
    "src": "10.0.0.2",
    "dest": "10.0.0.1",
    "sport": 80,
    "dport": 12345,
    "protocol": 6,
    "info": "TCP response",
    "layers": {
      "eth": { "src": "ff:ee:dd:cc:bb:aa", "dest": "aa:bb:cc:dd:ee:ff" },
      "ip": { "src": "10.0.0.2", "dest": "10.0.0.1" },
      "tcp": { "sport": 80, "dport": 12345, "flags": "SYN-ACK" }
    }
  },
  {
    "timestamp": "3000",
    "src": "10.0.0.1",
    "dest": "10.0.0.2",
    "sport": 33333,
    "dport": 53,
    "protocol": 17,
    "info": "UDP packet",
    "layers": {
      "eth": { "src": "aa:bb:cc:dd:ee:ff", "dest": "ff:ee:dd:cc:bb:aa" },
      "ip": { "src": "10.0.0.1", "dest": "10.0.0.2" },
      "udp": { "sport": 33333, "dport": 53 }
    }
  }
]
