[
  {
    "path": "post/multi/recon/local_exploit_suggester",
    "description": "Examines the target system to suggest potential local privilege escalation exploits.",
    "options": [{ "name": "SESSION", "label": "Session ID", "value": "1" }],
    "sampleOutput": "# Running local_exploit_suggester\n[*] Checking target...\n[+] Found 0-day privilege escalation path"
  },
  {
    "path": "post/windows/manage/enable_rdp",
    "description": "Enables Remote Desktop Protocol on the target Windows system.",
    "options": [{ "name": "SESSION", "label": "Session ID", "value": "1" }],
    "sampleOutput": "# Running enable_rdp\n[*] RDP is already enabled\n[+] Operation completed successfully"
  },
  {
    "path": "post/linux/gather/enum_network",
    "description": "Collects network interface and routing information from a Linux host.",
    "options": [{ "name": "SESSION", "label": "Session ID", "value": "1" }],
    "sampleOutput": "# Running enum_network\n[*] Gathering network info\n[+] Interface eth0 192.168.0.5"
  }
]
