{
  "timeline": [
    {
      "timestamp": "2023-08-01T10:00:00Z",
      "event": "resume.docx created on desktop",
      "thumbnail": "/themes/Yaru/apps/gedit.png"
    },
    {
      "timestamp": "2023-08-01T12:30:00Z",
      "event": "photo.jpg taken on phone",
      "thumbnail": "/themes/Yaru/apps/autopsy.svg"
    },
    {
      "timestamp": "2023-08-01T14:45:00Z",
      "event": "system.log updated",
      "thumbnail": "/themes/Yaru/apps/autopsy.svg"
    },
    {
      "timestamp": "2023-08-01T16:15:00Z",
      "event": "run.exe executed",
      "thumbnail": "/themes/Yaru/apps/autopsy.svg"
    },
    {
      "timestamp": "2023-08-01T18:20:00Z",
      "event": "Registry key modified",
      "thumbnail": "/themes/Yaru/apps/autopsy.svg"
    }
  ],
  "fileTree": {
    "name": "root",
    "children": [
      {
        "name": "Documents",
        "children": [
          {
            "name": "resume.docx",
            "thumbnail": "/themes/Yaru/apps/gedit.png"
          }
        ]
      },
      {
        "name": "Pictures",
        "children": [
          {
            "name": "photo.jpg",
            "thumbnail": "/themes/Yaru/apps/autopsy.svg"
          }
        ]
      },
      {
        "name": "Logs",
        "children": [
          {
            "name": "system.log",
            "thumbnail": "/themes/Yaru/apps/autopsy.svg"
          }
        ]
      },
      {
        "name": "Temp",
        "children": [
          {
            "name": "run.exe",
            "thumbnail": "/themes/Yaru/apps/autopsy.svg"
          }
        ]
      },
      {
        "name": "Registry",
        "children": [
          {
            "name": "HKCU\\Software\\Example",
            "thumbnail": "/themes/Yaru/apps/autopsy.svg"
          }
        ]
      }
    ]
  }
}
